{
  "version": "v4.2.3",
  "checkpoint": "doi_tho_best.pt",
  "couplet": {
    "n": 116,
    "R1": 93.96551724137932,
    "R2": 99.35205183585313,
    "R3": 99.13793103448276,
    "R4": 99.13793103448276,
    "R5": 99.13793103448276,
    "all5": 91.37931034482759,
    "avg_len": 13.991379310344827,
    "avg_lex": 0.9556650246305419,
    "empty": 0.0
  }
}