{
  "version": "v4.1",
  "checkpoint": "doi_tho_best.pt",
  "single_line": {
    "label": "Single-line (6-syl)",
    "n": 173,
    "R1": 69.94219653179191,
    "R2": 74.85549132947978,
    "R3": 0.0,
    "R4": 38.15028901734104,
    "R5": 0.0,
    "all5": 0.0,
    "avg_len": 21.99421965317919,
    "avg_lex": 0.9028926757250457,
    "empty": 0.0
  },
  "couplet": {
    "label": "Couplet (6+8)",
    "n": 50,
    "R1": 92.0,
    "R2": 99.5,
    "R3": 100.0,
    "R4": 100.0,
    "R5": 100.0,
    "all5": 90.0,
    "avg_len": 14.0,
    "avg_lex": 0.9557142857142857,
    "empty": 0.0
  }
}