{
  "version": "v4.2.3",
  "checkpoint": "doi_tho_best.pt",
  "couplet": {
    "n": 116,
    "R1": 92.24137931034483,
    "R2": 99.78401727861771,
    "R3": 99.13793103448276,
    "R4": 99.13793103448276,
    "R5": 99.13793103448276,
    "all5": 90.51724137931035,
    "avg_len": 13.991379310344827,
    "avg_lex": 0.9531072375899963,
    "empty": 0.0
  }
}