{
  "version": "v4.1",
  "checkpoint": "doi_tho_best.pt",
  "single_line": {
    "label": "Single-line (6-syl)",
    "n": 199,
    "R1": 58.291457286432156,
    "R2": 63.06532663316583,
    "R3": 0.0,
    "R4": 28.14070351758794,
    "R5": 0.0,
    "all5": 0.0,
    "avg_len": 21.91959798994975,
    "avg_lex": 0.8979614987719009,
    "empty": 0.0
  },
  "couplet": {
    "label": "Couplet (6+8)",
    "n": 116,
    "R1": 90.51724137931035,
    "R2": 99.78401727861771,
    "R3": 99.13793103448276,
    "R4": 99.13793103448276,
    "R5": 99.13793103448276,
    "all5": 88.79310344827587,
    "avg_len": 13.991379310344827,
    "avg_lex": 0.9469496021220158,
    "empty": 0.0
  }
}