{
  "version": "v4.2.3",
  "checkpoint": "doi_tho_best.pt",
  "couplet": {
    "n": 116,
    "R1": 92.24137931034483,
    "R2": 100.0,
    "R3": 100.0,
    "R4": 99.13793103448276,
    "R5": 100.0,
    "all5": 91.37931034482759,
    "avg_len": 14.0,
    "avg_lex": 0.9624384236453202,
    "empty": 0.0
  }
}