{
  "version": "v4.2.3",
  "checkpoint": "doi_tho_best_v4.2.3.pt",
  "tokenizer": "poetry_bpe_v4.2.3.model",
  "step": 8600,
  "loss": 2.7736336469650267,
  "single_line": {
    "R1": 67.63005780346822,
    "R2": 62.42774566473989,
    "R3": 0.0,
    "R4": 26.011560693641616,
    "R5": 0.0,
    "all5": 0.0,
    "avg_len": 21.91907514450867,
    "avg_lex": 0.8945649725996546,
    "empty": 0.0
  },
  "couplet": {
    "R1": 94.0,
    "R2": 100.0,
    "R3": 98.0,
    "R4": 98.0,
    "R5": 98.0,
    "all5": 92.0,
    "avg_len": 13.98,
    "avg_lex": 0.9557142857142857,
    "empty": 0.0
  }
}