{
  "version": "v4.1",
  "checkpoint": "doi_tho_best.pt",
  "single_line": {
    "label": "Single-line (6-syl)",
    "n": 173,
    "R1": 64.73988439306359,
    "R2": 61.849710982658955,
    "R3": 0.0,
    "R4": 22.54335260115607,
    "R5": 0.0,
    "all5": 0.0,
    "avg_len": 22.08092485549133,
    "avg_lex": 0.7981549223077113,
    "empty": 0.0
  },
  "couplet": {
    "label": "Couplet (6+8)",
    "n": 50,
    "R1": 84.0,
    "R2": 90.0,
    "R3": 100.0,
    "R4": 90.0,
    "R5": 100.0,
    "all5": 76.0,
    "avg_len": 14.0,
    "avg_lex": 0.8914285714285713,
    "empty": 0.0
  }
}